sample,file,sample_id,region,days_postMI,disease
s1,AKK001_157785_RZ_FZ_P5.h5seurat,P5,FZ,101,ICM
s2,AKK002_157779_IZ_P3.h5seurat,P3,IZ,2,AMI
s3,AKK002_157781_RZ_BZ_P3.h5seurat,P3,BZ,2,AMI
s4,AKK002_157782_RZ_P3.h5seurat,P3,RZ,2,AMI
s5,AKK003_157775_IZ_BZ_P2.h5seurat,P2,IZ,5,AMI
s6,AKK003_157777_RZ_BZ_P2.h5seurat,P2,BZ,5,AMI
s7,AKK004_157772_FZ_GT_P4.h5seurat,P4,FZ,88,IZM
s8,AKK006_157771_control_P1.h5seurat,P1,control,control,control
s9,Visium_1_CK279_control_P17.h5seurat,P17,control,control,control
s10,Visium_2_CK280_RZ_P6.h5seurat,P6,RZ,3,AMI
s11,Visium_3_CK281_control_P7.h5seurat,P7,control,control,control
s12,Visium_4_CK282_control_P8.h5seurat,P8,control,control,control
s13,Visium_5_CK283_RZ_GT_P2.h5seurat,P2,RZ,5,AMI
s14,Visium_6_CK284_RZ_P9.h5seurat,P9,RZ,2,AMI
s15,Visium_7_CK285_IZ_P10.h5seurat,P10,IZ,6,AMI
s16,Visium_8_CK286_RZ_P11.h5seurat,P11,RZ,31,ICM
s17,Visium_9_CK287_GT_IZ_P9.h5seurat,P9,IZ,2,AMI
s18,Visium_10_CK288_RZ_BZ_P12.h5seurat,P12,BZ,31,ICM
s19,Visium_11_CK289_GT_IZ_P13.h5seurat,P13,IZ,45,ICM
s20,Visium_12_CK290_FZ_P14.h5seurat,P14,FZ,62,ICM
s21,Visium_13_CK291_FZ_P18.h5seurat,P14,FZ,62,ICM
s22,Visium_14_CK292_FZ_GT_P19.h5seurat,P19,FZ,40,ICM
s23,Visium_15_CK293_IZ_P16.h5seurat,P16,IZ,4,AMI
s24,Visium_16_CK294_FZ_P20.h5seurat,P20,FZ,166,ICM
s25,Visium_17_CK295_RZ_P6.h5seurat,P6,RZ,3,AMI
s26,Visium_18_CK296_GT_IZ_P15.h5seurat,P15,IZ,11,AMI
s27,Visium_19_CK297_GT_IZ_P9_rep2.h5seurat,P9,IZ,2,AMI
s28,Visium_20_CK298_IZ_P15.h5seurat,P15,IZ,11,AMI
